{
  "ml_xgb": 0.10269867233748381,
  "ml_lgb": 0.10428093092431454,
  "ml_cat": 0.10350043987312478,
  "ml_rf": 0.10631094355000952,
  "ml_et": 0.10409359520175432,
  "ml_gb": 0.18776638484790464,
  "dl_bilstm": 0.09069718829718337,
  "dl_cnn_lstm": 0.10066990268258175,
  "dl_attention": 0.09998194228564322
}